{
    "root_group": {
        "name": "",
        "path": "",
        "id": "d41d8cd98f00b204e9800998ecf8427e",
        "groups": {},
        "checks": {
                "status is 200": {
                    "fails": 0,
                    "name": "status is 200",
                    "path": "::status is 200",
                    "id": "6210a8cd14cd70477eba5c5e4cb3fb5f",
                    "passes": 482
                },
                "traceId exists": {
                    "name": "traceId exists",
                    "path": "::traceId exists",
                    "id": "9c09cc374545b7ebb8d362e3f9aa0f65",
                    "passes": 482,
                    "fails": 0
                }
            }
    },
    "metrics": {
        "http_req_connecting": {
            "avg": 1.7958012448132779,
            "min": 0,
            "med": 0,
            "max": 20.6813,
            "p(90)": 7.7341500000000005,
            "p(95)": 8.516929999999999
        },
        "iteration_duration": {
            "avg": 23.427825726141062,
            "min": 12.986,
            "med": 16.21245,
            "max": 137.792,
            "p(90)": 39.73617,
            "p(95)": 46.709424999999996
        },
        "traffic_trace_id_rate": {
            "passes": 482,
            "fails": 0,
            "thresholds": {
                "rate>0.99": false
            },
            "value": 1
        },
        "http_req_sending": {
            "med": 0.42755,
            "max": 1.1323,
            "p(90)": 0.5539900000000001,
            "p(95)": 0.62221,
            "avg": 0.3432531120331948,
            "min": 0
        },
        "data_received": {
            "count": 891406,
            "rate": 30067.35767987447
        },
        "http_req_receiving": {
            "p(95)": 0.8406599999999997,
            "avg": 0.12175809128630706,
            "min": 0,
            "med": 0,
            "max": 6.6524,
            "p(90)": 0.5277400000000001
        },
        "checks": {
            "passes": 964,
            "fails": 0,
            "thresholds": {
                "rate>0.99": false
            },
            "value": 1
        },
        "traffic_payload_bytes": {
            "avg": 77866.48962655602,
            "min": 1024,
            "med": 32768,
            "max": 262144,
            "p(90)": 262144,
            "p(95)": 262144
        },
        "http_req_blocked": {
            "p(90)": 19.970150000000004,
            "p(95)": 24.70443999999999,
            "avg": 4.627613278008298,
            "min": 0,
            "med": 0,
            "max": 81.5666
        },
        "http_req_waiting": {
            "med": 14.76895,
            "max": 70.0681,
            "p(90)": 25.69319000000001,
            "p(95)": 34.38408499999999,
            "avg": 17.62462676348548,
            "min": 12.4507
        },
        "http_req_duration{expected_response:true}": {
            "min": 12.9866,
            "med": 15.19925,
            "max": 70.5758,
            "p(90)": 26.870650000000026,
            "p(95)": 34.404154999999996,
            "avg": 18.089637966804982
        },
        "vus_max": {
            "value": 100,
            "min": 100,
            "max": 100
        },
        "traffic_enqueue_accepted_rate": {
            "passes": 482,
            "fails": 0,
            "thresholds": {
                "rate>0.99": false
            },
            "value": 1
        },
        "data_sent": {
            "count": 239097,
            "rate": 8064.804386760855
        },
        "http_req_tls_handshaking": {
            "p(95)": 13.778654999999995,
            "avg": 2.731309958506224,
            "min": 0,
            "med": 0,
            "max": 54.271,
            "p(90)": 11.419510000000002
        },
        "http_req_duration": {
            "avg": 18.089637966804982,
            "min": 12.9866,
            "med": 15.19925,
            "max": 70.5758,
            "p(90)": 26.870650000000026,
            "p(95)": 34.404154999999996,
            "thresholds": {
                "p(95)<500": false
            }
        },
        "http_req_failed": {
            "passes": 0,
            "fails": 482,
            "thresholds": {
                "rate<0.01": false
            },
            "value": 0
        },
        "http_reqs": {
            "count": 482,
            "rate": 16.25798614963271
        },
        "iterations": {
            "count": 482,
            "rate": 16.25798614963271
        },
        "vus": {
            "value": 1,
            "min": 0,
            "max": 1
        },
        "traffic_requests_total": {
            "count": 482,
            "rate": 16.25798614963271
        }
    }
}